# ----------------------------------------
# daniels.du.edu
# Landing Pages
# 20220424-20220430
# ----------------------------------------

Landing Page,Sessions,% New Sessions,New Users,Bounce Rate,Pages / Session,Avg. Session Duration,Grad Apply (Goal 3 Conversion Rate),Grad Apply (Goal 3 Completions),Grad Apply (Goal 3 Value)
daniels.du.edu/digital-leadership/,"2,980",72.58%,"2,163",68.42%,1.36,00:00:43,1.07%,32,$0.00
daniels.du.edu/,660,55.76%,368,20.76%,3.16,00:03:48,3.18%,21,$0.00
daniels.du.edu/burns-school/masters/,645,75.81%,489,77.05%,1.39,00:01:18,1.09%,7,$0.00
daniels.du.edu/programs/mba-landing/,506,78.85%,399,70.95%,1.46,00:00:59,2.17%,11,$0.00
daniels.du.edu/denver-mba/,357,77.31%,276,63.31%,1.69,00:01:30,3.92%,14,$0.00
daniels.du.edu/finance/masters/,283,79.86%,226,74.20%,1.31,00:00:37,3.89%,11,$0.00
daniels.du.edu/business-information-analytics/masters/,280,82.86%,232,68.93%,1.42,00:01:22,2.50%,7,$0.00
daniels.du.edu/daniels-instagram-feed-single-carousel/,259,14.67%,38,0.00%,1.21,00:00:40,0.00%,0,$0.00
daniels.du.edu/marketing/masters/,236,86.86%,205,41.53%,1.27,00:01:31,1.69%,4,$0.00
daniels.du.edu/executive-mba/,200,75.00%,150,71.00%,1.56,00:01:27,1.50%,3,$0.00
daniels.du.edu/management/masters/,186,85.48%,159,84.95%,1.26,00:00:48,3.23%,6,$0.00
(not set),175,5.71%,10,0.00%,0.00,00:00:30,6.86%,12,$0.00
daniels.du.edu/duvin-festival/,171,56.73%,97,9.94%,1.22,00:02:12,0.00%,0,$0.00
daniels.du.edu/blog/eleven-questions-with-joshua-ross-cryptocurrency-blockchain/,164,73.17%,120,31.10%,1.17,00:03:34,0.00%,0,$0.00
daniels.du.edu/graduate-admissions/,160,31.25%,50,25.00%,1.88,00:03:31,20.62%,33,$0.00
daniels.du.edu/professional-mba/,156,70.51%,110,62.18%,1.35,00:01:11,1.28%,2,$0.00
daniels.du.edu/blog/learning-by-example-attaining-distinction/,153,67.97%,104,28.10%,1.22,00:01:38,0.00%,0,$0.00
daniels.du.edu/blog/10-questions-with-mac-clouse-whats-a-spac/,148,70.27%,104,31.08%,1.18,00:03:00,0.00%,0,$0.00
daniels.du.edu/entrepreneurship/pioneer-venture-group/,122,58.20%,71,52.46%,1.36,00:01:32,0.00%,0,$0.00
daniels.du.edu/blog/qa-whats-happening-with-the-housing-market/,119,68.91%,82,52.10%,1.08,00:01:57,0.00%,0,$0.00
daniels.du.edu/accountancy/masters/,109,75.23%,82,58.72%,1.55,00:02:00,2.75%,3,$0.00
daniels.du.edu/executive-phd/,109,63.30%,69,20.18%,3.84,00:04:17,6.42%,7,$0.00
daniels.du.edu/programs/mba-landing/?utm_licrid=160079664,107,69.16%,74,96.26%,1.14,00:00:41,0.00%,0,$0.00
daniels.du.edu/blog/alex-seidel-guest-chef-at-the-2022-du-vin-festival/,97,82.47%,80,23.71%,1.21,00:01:30,0.00%,0,$0.00
daniels.du.edu/blog/why-seminars-and-workshops-are-important-to-the-graduate-experience/,97,92.78%,90,17.53%,1.08,00:02:03,0.00%,0,$0.00
daniels.du.edu/burns-school/,89,44.94%,40,14.61%,2.42,00:02:20,1.12%,1,$0.00
daniels.du.edu/blog/5-ways-to-reduce-stress-during-finals/,87,90.80%,79,12.64%,1.02,00:01:30,0.00%,0,$0.00
daniels.du.edu/blog/daniels-team-utilizes-ski-industry-knowledge-to-win-national-diversity-case-competition/,85,70.59%,60,43.53%,1.18,00:00:47,0.00%,0,$0.00
daniels.du.edu/programs/,85,88.24%,75,40.00%,1.14,00:00:16,0.00%,0,$0.00
daniels.du.edu/entrepreneurship/,80,25.00%,20,12.50%,3.31,00:04:21,1.25%,1,$0.00
daniels.du.edu/hospitality-management/,75,73.33%,55,25.33%,2.39,00:02:15,0.00%,0,$0.00
daniels.du.edu/blog/daniels-events/entrepreneurshipdu-personal-brand-speaker-series/,61,62.30%,38,19.67%,1.21,00:01:30,0.00%,0,$0.00
daniels.du.edu/ocm/brand-toolkit/,61,44.26%,27,16.39%,1.46,00:02:53,0.00%,0,$0.00
daniels.du.edu/blog/daniels-events/entrepreneurshipdu-startup-marketing-101/,54,55.56%,30,46.30%,1.11,00:00:43,0.00%,0,$0.00
daniels.du.edu/blog/du-program-sprouts-new-opportunities-for-refugees/,51,74.51%,38,37.25%,2.25,00:04:21,0.00%,0,$0.00
daniels.du.edu/business-information-analytics/masters/?utm_licrid=160868864,51,50.98%,26,98.04%,1.00,<00:00:01,0.00%,0,$0.00
daniels.du.edu/graduate-admissions/tuition-and-aid/,51,56.86%,29,27.45%,1.33,00:01:01,5.88%,3,$0.00
daniels.du.edu/events/,49,51.02%,25,30.61%,2.37,00:02:16,0.00%,0,$0.00
daniels.du.edu/admit-weekend/,47,27.66%,13,21.28%,1.34,00:03:06,0.00%,0,$0.00
daniels.du.edu/finance/bachelors/,47,48.94%,23,6.38%,2.00,00:02:43,0.00%,0,$0.00
daniels.du.edu/career-services/,45,42.22%,19,33.33%,1.73,00:03:06,0.00%,0,$0.00
daniels.du.edu/hospitality-management/beans-cafe/,45,62.22%,28,24.44%,1.29,00:01:14,0.00%,0,$0.00
daniels.du.edu/about/,44,18.18%,8,18.18%,2.20,00:04:49,2.27%,1,$0.00
daniels.du.edu/burns-video-hub/,43,86.05%,37,65.12%,1.19,00:00:34,0.00%,0,$0.00
daniels.du.edu/directory/lora-louise-broady/,43,86.05%,37,0.00%,1.00,00:00:11,0.00%,0,$0.00
daniels.du.edu/undergraduate-programs/academics/,43,48.84%,21,25.58%,1.79,00:02:24,0.00%,0,$0.00
daniels.du.edu/discover-denver/,42,54.76%,23,7.14%,2.86,00:04:11,0.00%,0,$0.00
daniels.du.edu/burns-school/bachelors/,41,51.22%,21,19.51%,1.56,00:01:37,2.44%,1,$0.00
daniels.du.edu/blog/mean-business-executive/,39,92.31%,36,7.69%,1.08,00:01:28,0.00%,0,$0.00
daniels.du.edu/blog/top-4-reasons-you-should-donate-to-your-alma-mater/,39,92.31%,36,10.26%,1.05,00:02:20,0.00%,0,$0.00
daniels.du.edu/burns-school/masters/?utm_licrid=143457464,39,82.05%,32,89.74%,1.13,00:00:13,0.00%,0,$0.00
daniels.du.edu/programs/mba-landing/?utm_licrid=143429644,37,75.68%,28,83.78%,1.11,00:00:57,0.00%,0,$0.00
daniels.du.edu/request-info-form/,35,68.57%,24,5.71%,2.26,00:02:28,2.86%,1,$0.00
daniels.du.edu/hospitality-management/meet-our-team/,34,73.53%,25,14.71%,2.56,00:02:20,5.88%,2,$0.00
daniels.du.edu/entrepreneurship/base-camp/,33,39.39%,13,45.45%,1.58,00:03:52,0.00%,0,$0.00
daniels.du.edu/marketing/bachelors/,33,57.58%,19,0.00%,2.21,00:03:52,0.00%,0,$0.00
daniels.du.edu/accountancy/bachelors/,32,65.62%,21,6.25%,2.12,00:02:30,0.00%,0,$0.00
daniels.du.edu/business-information-analytics/bachelors/,32,50.00%,16,0.00%,1.91,00:04:28,0.00%,0,$0.00
daniels.du.edu/management/masters/?utm_licrid=160870504,32,81.25%,26,93.75%,1.06,00:00:53,0.00%,0,$0.00
daniels.du.edu/undergraduate-programs/four-plus-one/,32,46.88%,15,9.38%,2.34,00:04:00,9.38%,3,$0.00
daniels.du.edu/executive-education/workshops/denver-leadership-experience/,31,74.19%,23,12.90%,2.00,00:02:27,0.00%,0,$0.00
daniels.du.edu/iee/programs/elevate-ethics/,30,56.67%,17,33.33%,1.63,00:01:45,0.00%,0,$0.00
daniels.du.edu/blog/1m-gift-launches-first-family-business-program-in-higher-education-in-colorado-region/,29,93.10%,27,96.55%,1.03,00:00:42,0.00%,0,$0.00
daniels.du.edu/blog/virtual-reality-comes-to-life-in-the-classroom/,29,72.41%,21,20.69%,1.10,00:01:17,0.00%,0,$0.00
daniels.du.edu/duvin-festival,28,78.57%,22,7.14%,1.00,00:00:23,0.00%,0,$0.00
daniels.du.edu/programs/mba-landing/?utm_licrid=160079674,27,59.26%,16,96.30%,1.00,00:00:01,0.00%,0,$0.00
daniels.du.edu/blog/clearing-up-the-family-enterprise-lingo/,25,72.00%,18,36.00%,1.00,00:00:41,0.00%,0,$0.00
daniels.du.edu/blog/daniels-events/entrepreneurshipduthe-business-of-coffee/,25,32.00%,8,24.00%,1.44,00:03:34,0.00%,0,$0.00
daniels.du.edu/blog/qa-impact-of-the-coronavirus-pandemic-on-the-hospitality-industry/,25,84.00%,21,32.00%,1.12,00:00:59,0.00%,0,$0.00
daniels.du.edu/directory/,25,36.00%,9,0.00%,3.76,00:05:43,0.00%,0,$0.00
daniels.du.edu/international-business/,25,60.00%,15,16.00%,2.84,00:06:33,0.00%,0,$0.00
daniels.du.edu/management/bachelors/,25,32.00%,8,16.00%,1.20,00:01:26,0.00%,0,$0.00
daniels.du.edu/accountancy/,24,62.50%,15,4.17%,3.42,00:03:09,0.00%,0,$0.00
daniels.du.edu/cibic/,24,62.50%,15,37.50%,1.67,00:01:54,0.00%,0,$0.00
daniels.du.edu/recruiters-companies/,24,29.17%,7,62.50%,1.42,00:01:13,4.17%,1,$0.00
daniels.du.edu/executive-education/,23,52.17%,12,13.04%,2.35,00:03:19,0.00%,0,$0.00
daniels.du.edu/blog/apartment-survey-shows-rent-increases-and-steady-vacancy/,22,77.27%,17,36.36%,1.05,00:01:01,0.00%,0,$0.00
daniels.du.edu/blog/daniels-events/israel-course/,22,68.18%,15,9.09%,1.18,00:00:17,0.00%,0,$0.00
daniels.du.edu/business-information-analytics/,22,50.00%,11,4.55%,3.82,00:02:55,0.00%,0,$0.00
daniels.du.edu/executive-education/bailey-program-family-enterprise/,22,81.82%,18,68.18%,1.14,00:00:28,0.00%,0,$0.00
daniels.du.edu/danielsparking/,21,9.52%,2,0.00%,3.95,00:05:38,0.00%,0,$0.00
daniels.du.edu/undergraduate-programs/,21,47.62%,10,19.05%,3.00,00:06:12,0.00%,0,$0.00
daniels.du.edu/graduate-certificates/,20,65.00%,13,25.00%,2.65,00:06:21,10.00%,2,$0.00
daniels.du.edu/race-and-case/,20,60.00%,12,30.00%,1.35,00:00:27,0.00%,0,$0.00
daniels.du.edu/student-organizations/,20,30.00%,6,0.00%,2.00,00:03:43,0.00%,0,$0.00
daniels.du.edu/entrepreneurship/events/,19,0.00%,0,10.53%,2.05,00:02:39,0.00%,0,$0.00
daniels.du.edu/graduate-admissions/contact-us/,19,52.63%,10,21.05%,1.47,00:02:41,0.00%,0,$0.00
daniels.du.edu/mba-comparison/,19,36.84%,7,47.37%,1.89,00:03:29,0.00%,0,$0.00
daniels.du.edu/directory/yashar-atefi/,18,27.78%,5,0.00%,1.50,00:09:33,0.00%,0,$0.00
daniels.du.edu/executive-education/workshops/public-safety-leadership/,18,66.67%,12,22.22%,3.28,00:05:10,0.00%,0,$0.00
daniels.du.edu/finance/,18,72.22%,13,5.56%,4.61,00:03:07,5.56%,1,$0.00
daniels.du.edu/blog/how-to-recover-from-academic-probation/,17,64.71%,11,35.29%,1.00,00:00:20,0.00%,0,$0.00
daniels.du.edu/blog/conscious-communication-by-keeley-hunter/,16,62.50%,10,31.25%,1.12,00:03:01,0.00%,0,$0.00
daniels.du.edu/blog/wealth-worth-and-well-being/,16,68.75%,11,31.25%,1.06,00:02:23,0.00%,0,$0.00
daniels.du.edu/denver-mba/curriculum/,16,43.75%,7,6.25%,2.25,00:03:32,0.00%,0,$0.00
daniels.du.edu/directory/charles-dhanaraj/,16,75.00%,12,0.00%,1.56,00:00:49,0.00%,0,$0.00
daniels.du.edu/directory/glenn-mueller/,16,75.00%,12,6.25%,1.56,00:02:16,0.00%,0,$0.00
daniels.du.edu/blog/restaurants-ambiance-service-important-food-quality/,15,80.00%,12,6.67%,1.13,00:01:35,0.00%,0,$0.00
daniels.du.edu/iee/,15,33.33%,5,33.33%,1.67,00:00:32,0.00%,0,$0.00
daniels.du.edu/ocm/,15,6.67%,1,13.33%,2.73,00:06:01,0.00%,0,$0.00
,"13,953",67.84%,"9,466",43.15%,1.58,00:01:42,1.48%,207,$0.00

Day Index,Sessions
4/24/22,"1,465"
4/25/22,"2,114"
4/26/22,"2,292"
4/27/22,"2,272"
4/28/22,"2,493"
4/29/22,"1,915"
4/30/22,"1,402"
,"13,953"
