# ----------------------------------------
# daniels.du.edu
# Landing Pages
# 20220417-20220423
# ----------------------------------------

Landing Page,Sessions,% New Sessions,New Users,Bounce Rate,Pages / Session,Avg. Session Duration,Grad Apply (Goal 3 Conversion Rate),Grad Apply (Goal 3 Completions),Grad Apply (Goal 3 Value)
daniels.du.edu/digital-leadership/,"2,733",77.02%,"2,105",72.45%,1.32,00:00:39,0.51%,14,$0.00
daniels.du.edu/,526,50.38%,265,23.19%,3.15,00:03:49,3.42%,18,$0.00
daniels.du.edu/burns-school/masters/,430,73.72%,317,71.63%,1.38,00:01:13,0.23%,1,$0.00
daniels.du.edu/programs/mba-landing/,417,80.10%,334,82.73%,1.26,00:00:36,0.96%,4,$0.00
daniels.du.edu/business-information-analytics/masters/,261,77.01%,201,65.13%,1.53,00:01:59,3.07%,8,$0.00
daniels.du.edu/daniels-instagram-feed-single-carousel/,250,14.40%,36,0.00%,1.18,00:00:54,0.00%,0,$0.00
daniels.du.edu/denver-mba/,245,72.24%,177,57.55%,2.03,00:02:13,6.94%,17,$0.00
daniels.du.edu/finance/masters/,243,83.95%,204,67.08%,1.44,00:01:11,1.23%,3,$0.00
daniels.du.edu/blog/daniels-team-utilizes-ski-industry-knowledge-to-win-national-diversity-case-competition/,242,69.42%,168,35.12%,1.11,00:01:13,0.00%,0,$0.00
daniels.du.edu/duvin-festival/,189,52.91%,100,11.11%,1.17,00:01:20,0.00%,0,$0.00
daniels.du.edu/marketing/masters/,171,80.70%,138,32.16%,1.56,00:02:13,3.51%,6,$0.00
daniels.du.edu/executive-mba/,158,68.35%,108,70.25%,1.51,00:01:53,0.00%,0,$0.00
daniels.du.edu/graduate-admissions/,151,32.45%,49,31.79%,1.88,00:02:14,17.88%,27,$0.00
daniels.du.edu/management/masters/,147,80.95%,119,80.95%,1.39,00:01:20,1.36%,2,$0.00
(not set),137,9.49%,13,0.00%,0.00,00:00:51,2.19%,3,$0.00
daniels.du.edu/programs/mba-landing/?utm_licrid=160079664,130,77.69%,101,94.62%,1.11,00:00:25,0.00%,0,$0.00
daniels.du.edu/burns-school/rebe-landing/,124,59.68%,74,57.26%,1.06,00:00:22,0.00%,0,$0.00
daniels.du.edu/blog/why-seminars-and-workshops-are-important-to-the-graduate-experience/,116,82.76%,96,25.86%,1.07,00:01:53,0.00%,0,$0.00
daniels.du.edu/burns-school/,111,68.47%,76,18.92%,2.34,00:02:28,2.70%,3,$0.00
daniels.du.edu/professional-mba/,106,66.98%,71,58.49%,1.63,00:02:16,0.94%,1,$0.00
daniels.du.edu/accountancy/masters/,103,68.93%,71,53.40%,1.74,00:01:29,1.94%,2,$0.00
daniels.du.edu/executive-phd/,103,61.17%,63,12.62%,3.62,00:04:28,6.80%,7,$0.00
daniels.du.edu/blog/daniels-online-mba-climbs-23-spots-in-fortunes-ranking/,98,80.61%,79,11.22%,1.08,00:00:34,0.00%,0,$0.00
daniels.du.edu/hospitality-management/,86,66.28%,57,15.12%,3.24,00:04:29,2.33%,2,$0.00
daniels.du.edu/entrepreneurship/,80,36.25%,29,15.00%,2.88,00:04:05,0.00%,0,$0.00
daniels.du.edu/programs/mba-landing/?utm_licrid=143429644,79,77.22%,61,91.14%,1.04,00:00:16,0.00%,0,$0.00
daniels.du.edu/blog/5-ways-to-reduce-stress-during-finals/,78,92.31%,72,14.10%,1.08,00:01:06,0.00%,0,$0.00
daniels.du.edu/career-services/,70,52.86%,37,34.29%,1.99,00:01:51,0.00%,0,$0.00
daniels.du.edu/programs/,70,80.00%,56,52.86%,1.26,00:00:44,0.00%,0,$0.00
daniels.du.edu/ocm/brand-toolkit/,59,52.54%,31,30.51%,1.36,00:01:22,0.00%,0,$0.00
daniels.du.edu/graduate-admissions/tuition-and-aid/,58,62.07%,36,22.41%,1.93,00:03:00,0.00%,0,$0.00
daniels.du.edu/programs/graduate-programs-landing/,55,52.73%,29,9.09%,2.75,00:02:15,5.45%,3,$0.00
daniels.du.edu/business-information-analytics/bia-landing/,51,90.20%,46,29.41%,1.02,00:00:03,0.00%,0,$0.00
daniels.du.edu/blog/qa-whats-happening-with-the-housing-market/,49,77.55%,38,14.29%,1.06,00:02:24,0.00%,0,$0.00
daniels.du.edu/events/,49,46.94%,23,18.37%,1.49,00:02:15,0.00%,0,$0.00
daniels.du.edu/blog/alex-seidel-guest-chef-at-the-2022-du-vin-festival/,48,56.25%,27,31.25%,1.10,00:01:02,0.00%,0,$0.00
daniels.du.edu/entrepreneurship/pioneer-venture-group/,46,39.13%,18,41.30%,1.09,00:01:59,0.00%,0,$0.00
daniels.du.edu/blog/daniels-events/israel-course/,45,51.11%,23,15.56%,1.36,00:01:30,0.00%,0,$0.00
daniels.du.edu/directory/lora-louise-broady/,45,97.78%,44,2.22%,1.07,00:00:38,0.00%,0,$0.00
daniels.du.edu/iee/programs/elevate-ethics/,45,51.11%,23,46.67%,1.13,00:02:31,0.00%,0,$0.00
daniels.du.edu/blog/conscious-communication-by-keeley-hunter/,44,52.27%,23,22.73%,1.07,00:03:34,0.00%,0,$0.00
daniels.du.edu/programs/mba-landing/?utm_licrid=160079674,44,72.73%,32,88.64%,1.05,00:00:27,0.00%,0,$0.00
daniels.du.edu/blog/daniels-events/entrepreneurshipdu-startup-costs-and-forecasting/,43,67.44%,29,25.58%,1.72,00:01:58,0.00%,0,$0.00
daniels.du.edu/blog/top-4-reasons-you-should-donate-to-your-alma-mater/,42,95.24%,40,14.29%,1.12,00:02:23,0.00%,0,$0.00
daniels.du.edu/finance/bachelors/,42,59.52%,25,2.38%,2.36,00:03:41,0.00%,0,$0.00
daniels.du.edu/blog/mean-business-executive/,41,92.68%,38,9.76%,1.05,00:00:42,0.00%,0,$0.00
daniels.du.edu/executive-education/workshops/public-safety-leadership/,40,62.50%,25,12.50%,1.58,00:03:25,0.00%,0,$0.00
daniels.du.edu/blog/increasing-empathy-through-technology/,39,56.41%,22,51.28%,1.00,00:00:13,0.00%,0,$0.00
daniels.du.edu/burns-school/bachelors/,39,69.23%,27,10.26%,1.87,00:03:22,0.00%,0,$0.00
daniels.du.edu/blog/eleven-questions-with-joshua-ross-cryptocurrency-blockchain/,38,63.16%,24,31.58%,1.11,00:02:41,0.00%,0,$0.00
daniels.du.edu/blog/daniels-events/entrepreneurshipdu-personal-brand-speaker-series/,37,56.76%,21,8.11%,1.59,00:00:57,0.00%,0,$0.00
daniels.du.edu/accountancy/accountancy-landing/,34,97.06%,33,17.65%,1.00,00:00:02,0.00%,0,$0.00
daniels.du.edu/business-information-analytics/bia-landing/?utm_licrid=160868864,34,55.88%,19,100.00%,1.00,00:00:00,0.00%,0,$0.00
daniels.du.edu/finance/finance-landing/,34,91.18%,31,29.41%,1.29,00:01:39,0.00%,0,$0.00
daniels.du.edu/admit-weekend/,33,42.42%,14,6.06%,1.52,00:01:53,0.00%,0,$0.00
daniels.du.edu/blog/du-program-sprouts-new-opportunities-for-refugees/,33,69.70%,23,39.39%,1.82,00:01:13,0.00%,0,$0.00
daniels.du.edu/management/management-landing/,33,96.97%,32,21.21%,1.00,00:00:02,0.00%,0,$0.00
daniels.du.edu/undergraduate-programs/academics/,33,33.33%,11,6.06%,2.82,00:03:49,0.00%,0,$0.00
daniels.du.edu/international-business/,32,62.50%,20,18.75%,1.59,00:02:25,0.00%,0,$0.00
daniels.du.edu/marketing/bachelors/,32,75.00%,24,6.25%,1.78,00:02:58,0.00%,0,$0.00
daniels.du.edu/business-information-analytics/bachelors/,31,58.06%,18,6.45%,1.90,00:02:46,3.23%,1,$0.00
daniels.du.edu/blog/qa-impact-of-the-coronavirus-pandemic-on-the-hospitality-industry/,30,96.67%,29,23.33%,1.10,00:01:50,0.00%,0,$0.00
daniels.du.edu/blog/wealth-worth-and-well-being/,30,66.67%,20,16.67%,2.40,00:04:55,0.00%,0,$0.00
daniels.du.edu/directory/,30,26.67%,8,0.00%,3.57,00:05:27,0.00%,0,$0.00
daniels.du.edu/executive-education/,29,58.62%,17,24.14%,4.48,00:03:52,0.00%,0,$0.00
daniels.du.edu/executive-education/bailey-program-family-enterprise/,29,79.31%,23,62.07%,1.34,00:01:19,0.00%,0,$0.00
daniels.du.edu/recruiters-companies/,29,24.14%,7,65.52%,1.59,00:01:00,0.00%,0,$0.00
daniels.du.edu/request-info-form/,29,51.72%,15,6.90%,2.14,00:02:25,3.45%,1,$0.00
daniels.du.edu/hospitality-management/beans-cafe/,28,71.43%,20,25.00%,1.29,00:01:25,3.57%,1,$0.00
daniels.du.edu/undergraduate-programs/,28,53.57%,15,14.29%,2.71,00:02:08,0.00%,0,$0.00
daniels.du.edu/blog/1m-gift-launches-first-family-business-program-in-higher-education-in-colorado-region/,27,96.30%,26,96.30%,1.04,00:00:26,0.00%,0,$0.00
daniels.du.edu/business-information-analytics/masters/?utm_licrid=160868864,27,66.67%,18,96.30%,1.07,00:00:04,0.00%,0,$0.00
daniels.du.edu/burns-video-hub/,26,100.00%,26,76.92%,1.15,00:00:52,0.00%,0,$0.00
daniels.du.edu/entrepreneurship/garage/,26,34.62%,9,11.54%,1.27,00:02:32,0.00%,0,$0.00
daniels.du.edu/blog/daniels-events/entrepreneurshipdu-startup-marketing-101/,25,52.00%,13,28.00%,1.28,00:01:18,0.00%,0,$0.00
daniels.du.edu/blog/siblings-build-for-the-future/,25,60.00%,15,44.00%,1.08,00:00:40,0.00%,0,$0.00
daniels.du.edu/marketing/marketing-landing/,25,80.00%,20,40.00%,1.00,00:00:03,0.00%,0,$0.00
daniels.du.edu/accountancy/,24,58.33%,14,0.00%,2.62,00:02:13,0.00%,0,$0.00
daniels.du.edu/accountancy/bachelors/,24,70.83%,17,20.83%,1.38,00:03:00,0.00%,0,$0.00
daniels.du.edu/directory/yashar-atefi/,24,12.50%,3,0.00%,1.21,00:07:00,0.00%,0,$0.00
daniels.du.edu/about/,23,21.74%,5,4.35%,2.04,00:04:28,4.35%,1,$0.00
daniels.du.edu/blog/executive-education-mental-health-awareness/,23,73.91%,17,30.43%,1.04,00:00:50,0.00%,0,$0.00
daniels.du.edu/business-information-analytics/certificates/,23,78.26%,18,4.35%,3.52,00:09:29,13.04%,3,$0.00
daniels.du.edu/blog/top-three-things-youll-gain-masters-finance/,22,95.45%,21,18.18%,1.18,00:01:27,0.00%,0,$0.00
daniels.du.edu/directory/stephen-haag/,22,59.09%,13,13.64%,1.23,00:01:02,0.00%,0,$0.00
daniels.du.edu/hospitality-management/meet-our-team/,22,59.09%,13,27.27%,2.77,00:01:44,0.00%,0,$0.00
daniels.du.edu/directory/glenn-mueller/,21,71.43%,15,4.76%,1.29,00:00:31,0.00%,0,$0.00
daniels.du.edu/burns-school/rebe-landing/?utm_licrid=143457464,20,60.00%,12,95.00%,1.05,00:00:28,0.00%,0,$0.00
daniels.du.edu/entrepreneurship/sprints/,20,50.00%,10,25.00%,2.10,00:02:06,0.00%,0,$0.00
daniels.du.edu/race-and-case/,20,65.00%,13,30.00%,1.85,00:01:39,0.00%,0,$0.00
daniels.du.edu/burns-school/masters/?utm_licrid=143457464,19,94.74%,18,89.47%,1.11,00:00:28,0.00%,0,$0.00
daniels.du.edu/executive-education/workshops/denver-leadership-experience/,19,84.21%,16,10.53%,1.47,00:03:23,0.00%,0,$0.00
daniels.du.edu/management/bachelors/,19,36.84%,7,5.26%,1.95,00:02:53,0.00%,0,$0.00
daniels.du.edu/blog/,18,0.00%,0,0.00%,4.83,00:15:46,0.00%,0,$0.00
daniels.du.edu/danielsparking/,18,16.67%,3,5.56%,3.72,00:05:59,0.00%,0,$0.00
daniels.du.edu/directory/shahram-amini/,18,61.11%,11,16.67%,1.00,00:01:50,0.00%,0,$0.00
daniels.du.edu/management/management-landing/?utm_licrid=160870504,18,77.78%,14,100.00%,1.00,00:00:00,0.00%,0,$0.00
daniels.du.edu/blog/ask-the-experts-the-pros-cons-of-staycations/,17,100.00%,17,5.88%,1.00,00:01:59,0.00%,0,$0.00
daniels.du.edu/blog/minimalist-college-student-5-packing-tips/,17,88.24%,15,11.76%,1.00,00:00:57,0.00%,0,$0.00
daniels.du.edu/blog/wake-up-and-innovate/,17,82.35%,14,41.18%,1.35,00:01:27,0.00%,0,$0.00
,"12,657",67.35%,"8,525",42.05%,1.59,00:01:40,1.13%,143,$0.00

Day Index,Sessions
4/17/22,"1,079"
4/18/22,"1,985"
4/19/22,"1,751"
4/20/22,"2,232"
4/21/22,"2,143"
4/22/22,"1,707"
4/23/22,"1,760"
,"12,657"
