# ----------------------------------------
# daniels.du.edu
# Landing Pages
# 20220814-20220820
# ----------------------------------------

Landing Page,Sessions,% New Sessions,New Users,Bounce Rate,Pages / Session,Avg. Session Duration,Grad Apply (Goal 3 Conversion Rate),Grad Apply (Goal 3 Completions),Grad Apply (Goal 3 Value)
daniels.du.edu/,463,59.40%,275,9.50%,4.11,00:04:55,6.05%,28,$0.00
daniels.du.edu/daniels-instagram-feed-single-carousel/,230,15.65%,36,0.00%,1.02,00:00:18,0.00%,0,$0.00
daniels.du.edu/burns-school/masters/,158,72.78%,115,37.97%,2.27,00:04:03,2.53%,4,$0.00
daniels.du.edu/denver-mba/,146,73.97%,108,33.56%,2.77,00:03:16,4.11%,6,$0.00
daniels.du.edu/business-information-analytics/masters/,138,75.36%,104,43.48%,2.06,00:03:22,1.45%,2,$0.00
daniels.du.edu/blog/how-executive-education-short-courses-help-mid-career-professionals/,133,83.46%,111,30.83%,1.30,00:01:29,0.00%,0,$0.00
(not set),117,16.24%,19,0.00%,0.00,00:00:31,3.42%,4,$0.00
daniels.du.edu/burns-school/,115,44.35%,51,18.26%,2.56,00:02:55,0.87%,1,$0.00
daniels.du.edu/executive-phd/,115,66.96%,77,9.57%,2.94,00:04:20,4.35%,5,$0.00
daniels.du.edu/finance/masters/,111,67.57%,75,44.14%,1.84,00:02:59,5.41%,6,$0.00
daniels.du.edu/graduate-admissions/,100,41.00%,41,24.00%,2.04,00:03:12,24.00%,24,$0.00
daniels.du.edu/digital-leadership/,97,78.35%,76,75.26%,1.84,00:01:40,3.09%,3,$0.00
daniels.du.edu/blog/minimalist-college-student-5-packing-tips/,92,86.96%,80,16.30%,1.07,00:01:30,0.00%,0,$0.00
daniels.du.edu/programs/mba-landing/,91,82.42%,75,51.65%,2.08,00:01:43,3.30%,3,$0.00
daniels.du.edu/blog/why-seminars-and-workshops-are-important-to-the-graduate-experience/,82,96.34%,79,14.63%,1.20,00:04:00,0.00%,0,$0.00
daniels.du.edu/hospitality-management/,75,81.33%,61,25.33%,2.25,00:03:07,1.33%,1,$0.00
daniels.du.edu/professional-mba/,72,70.83%,51,40.28%,2.10,00:03:30,2.78%,2,$0.00
daniels.du.edu/accountancy/masters/,70,55.71%,39,17.14%,2.40,00:05:02,7.14%,5,$0.00
daniels.du.edu/marketing/masters/,61,90.16%,55,52.46%,2.28,00:03:32,1.64%,1,$0.00
daniels.du.edu/executive-mba/,57,71.93%,41,54.39%,1.86,00:01:39,5.26%,3,$0.00
daniels.du.edu/management/masters/,52,94.23%,49,71.15%,1.37,00:01:01,0.00%,0,$0.00
daniels.du.edu/ocm/brand-toolkit/,52,38.46%,20,23.08%,2.04,00:03:16,0.00%,0,$0.00
daniels.du.edu/blog/executive-mba-alumna-knows-no-limits/,49,69.39%,34,20.41%,1.10,00:02:36,0.00%,0,$0.00
daniels.du.edu/blog/1m-gift-launches-first-family-business-program-in-higher-education-in-colorado-region/,45,95.56%,43,91.11%,1.09,00:01:27,0.00%,0,$0.00
daniels.du.edu/graduate-admissions/tuition-and-aid/,44,68.18%,30,15.91%,1.59,00:03:11,6.82%,3,$0.00
daniels.du.edu/career-services/,43,39.53%,17,13.95%,1.65,00:01:20,0.00%,0,$0.00
daniels.du.edu/finance/bachelors/,42,69.05%,29,2.38%,2.64,00:02:42,0.00%,0,$0.00
daniels.du.edu/executive-education/,41,75.61%,31,41.46%,2.37,00:02:34,0.00%,0,$0.00
daniels.du.edu/directory/,40,37.50%,15,2.50%,4.72,00:05:39,0.00%,0,$0.00
daniels.du.edu/finance/faculty-staff/,39,84.62%,33,2.56%,5.00,00:03:35,0.00%,0,$0.00
daniels.du.edu/accountancy/bachelors/,33,78.79%,26,0.00%,2.06,00:02:55,3.03%,1,$0.00
daniels.du.edu/blog/top-4-reasons-you-should-donate-to-your-alma-mater/,33,87.88%,29,9.09%,1.15,00:01:05,0.00%,0,$0.00
daniels.du.edu/executive-education/high-performance-leadership-program/,33,90.91%,30,51.52%,1.55,00:02:01,0.00%,0,$0.00
daniels.du.edu/blog/daniels-events/summer-base-camp-the-final-pitch/,32,46.88%,15,12.50%,1.12,00:02:33,0.00%,0,$0.00
daniels.du.edu/burns-video-hub/,32,90.62%,29,68.75%,1.06,00:00:25,0.00%,0,$0.00
daniels.du.edu/burns-school/bachelors/,31,74.19%,23,25.81%,1.71,00:02:14,0.00%,0,$0.00
daniels.du.edu/entrepreneurship/,31,48.39%,15,35.48%,2.65,00:03:46,0.00%,0,$0.00
daniels.du.edu/executive-education/workshops/public-safety-leadership/,30,50.00%,15,66.67%,1.20,00:00:55,0.00%,0,$0.00
daniels.du.edu/marketing/,30,86.67%,26,6.67%,3.97,00:03:32,3.33%,1,$0.00
daniels.du.edu/business-information-analytics/bachelors/,28,78.57%,22,3.57%,1.61,00:02:50,0.00%,0,$0.00
daniels.du.edu/blog/master-of-science-in-applied-quantitative-finance-msaqf-vs-mba-which-is-right-for-you/,27,70.37%,19,25.93%,1.07,00:03:24,0.00%,0,$0.00
daniels.du.edu/blog/mean-business-executive/,27,96.30%,26,7.41%,1.04,00:00:46,0.00%,0,$0.00
daniels.du.edu/directory/yashar-atefi/,27,29.63%,8,7.41%,1.44,00:05:59,0.00%,0,$0.00
daniels.du.edu/blog/buried-in-plastic/,26,76.92%,20,69.23%,1.00,00:03:28,0.00%,0,$0.00
daniels.du.edu/events/,26,46.15%,12,23.08%,1.12,00:00:53,0.00%,0,$0.00
daniels.du.edu/undergraduate-programs/,26,69.23%,18,19.23%,2.62,00:04:09,0.00%,0,$0.00
daniels.du.edu/blog/top-three-things-youll-gain-masters-finance/,25,92.00%,23,16.00%,1.12,00:01:41,0.00%,0,$0.00
daniels.du.edu/executive-education/bailey-program-family-enterprise/,25,84.00%,21,64.00%,1.68,00:02:48,0.00%,0,$0.00
daniels.du.edu/executive-education/workshops/insights-discovery/,25,48.00%,12,36.00%,1.16,00:00:40,0.00%,0,$0.00
daniels.du.edu/marketing/faculty-staff/,25,52.00%,13,12.00%,3.48,00:05:55,0.00%,0,$0.00
daniels.du.edu/student-organizations/,25,28.00%,7,12.00%,1.52,00:01:57,0.00%,0,$0.00
daniels.du.edu/hospitality-management/meet-our-team/,24,79.17%,19,12.50%,3.12,00:04:25,4.17%,1,$0.00
daniels.du.edu/blog/du-field-notes-five-museums-to-quench-your-thirst-for-knowledge/,23,78.26%,18,47.83%,1.13,00:01:00,0.00%,0,$0.00
daniels.du.edu/executive-education/workshops/denver-leadership-experience/,23,82.61%,19,34.78%,1.26,00:00:53,0.00%,0,$0.00
daniels.du.edu/international-business/,22,81.82%,18,13.64%,1.68,00:02:10,0.00%,0,$0.00
daniels.du.edu/marketing/bachelors/,22,90.91%,20,0.00%,2.41,00:04:32,0.00%,0,$0.00
daniels.du.edu/mba-comparison/,22,72.73%,16,13.64%,1.73,00:01:00,4.55%,1,$0.00
daniels.du.edu/undergraduate-programs/academics/,22,59.09%,13,13.64%,1.50,00:02:12,0.00%,0,$0.00
daniels.du.edu/executive-education/workshops/sales-skills/,21,71.43%,15,14.29%,1.14,00:01:21,0.00%,0,$0.00
daniels.du.edu/entrepreneurship/pioneer-venture-group/,20,65.00%,13,50.00%,1.35,00:00:27,0.00%,0,$0.00
daniels.du.edu/request-info-form/,20,65.00%,13,20.00%,1.85,00:07:05,5.00%,1,$0.00
daniels.du.edu/blog/,19,15.79%,3,15.79%,2.42,00:09:03,0.00%,0,$0.00
daniels.du.edu/finance/,19,73.68%,14,0.00%,4.26,00:05:28,5.26%,1,$0.00
daniels.du.edu/recruiters-companies/,19,42.11%,8,47.37%,1.63,00:03:11,0.00%,0,$0.00
daniels.du.edu/about/,18,50.00%,9,22.22%,2.11,00:04:20,0.00%,0,$0.00
daniels.du.edu/accountancy/,18,66.67%,12,5.56%,3.39,00:05:03,0.00%,0,$0.00
daniels.du.edu/blog/self-care-in-startups/,18,38.89%,7,38.89%,1.28,00:01:58,0.00%,0,$0.00
daniels.du.edu/directory/shahram-amini/,17,47.06%,8,52.94%,1.71,00:01:29,0.00%,0,$0.00
daniels.du.edu/voe/voe-podcast/,17,23.53%,4,17.65%,4.59,00:11:02,0.00%,0,$0.00
daniels.du.edu/blog/philanthropy-in-2022-propels-du-forward/,16,62.50%,10,75.00%,1.31,00:01:27,0.00%,0,$0.00
daniels.du.edu/blog/talent-acquisition/,16,75.00%,12,100.00%,1.00,00:00:00,0.00%,0,$0.00
daniels.du.edu/finance/certificates/,16,75.00%,12,12.50%,1.56,00:02:11,6.25%,1,$0.00
daniels.du.edu/directory/corey-ciocchetti/,15,86.67%,13,0.00%,1.47,00:02:07,0.00%,0,$0.00
daniels.du.edu/directory/tianjie-deng/,15,66.67%,10,6.67%,1.73,00:01:19,0.00%,0,$0.00
daniels.du.edu/directory/young-jin-lee/,15,80.00%,12,46.67%,1.13,00:03:06,0.00%,0,$0.00
daniels.du.edu/marketing/graduate-certificates/,15,53.33%,8,13.33%,2.00,00:03:15,13.33%,2,$0.00
daniels.du.edu/undergraduate-programs/admission/,15,46.67%,7,26.67%,1.33,00:01:20,0.00%,0,$0.00
daniels.du.edu/directory/lijia-karen-xie/,14,85.71%,12,14.29%,1.14,00:00:35,0.00%,0,$0.00
daniels.du.edu/directory/vivek-choudhury/,14,64.29%,9,0.00%,1.21,00:01:21,0.00%,0,$0.00
daniels.du.edu/entrepreneurship/events/entrepreneurship-week/,14,21.43%,3,7.14%,7.07,00:12:00,0.00%,0,$0.00
daniels.du.edu/executive-education/webinars/,14,64.29%,9,57.14%,1.43,00:01:07,0.00%,0,$0.00
daniels.du.edu/executive-education/workshops/strategic-data/,14,71.43%,10,21.43%,1.07,00:00:49,0.00%,0,$0.00
daniels.du.edu/hospitality-management/beans-cafe/,14,78.57%,11,28.57%,1.00,00:00:05,0.00%,0,$0.00
daniels.du.edu/undergraduate-programs/four-plus-one/,14,57.14%,8,0.00%,2.07,00:02:42,14.29%,2,$0.00
daniels.du.edu/business-information-analytics/,13,53.85%,7,7.69%,4.15,00:09:05,0.00%,0,$0.00
daniels.du.edu/denver-mba/curriculum/,13,30.77%,4,15.38%,2.38,00:03:46,0.00%,0,$0.00
daniels.du.edu/directory/glenn-mueller/,13,53.85%,7,0.00%,2.00,00:02:03,0.00%,0,$0.00
daniels.du.edu/executive-education/workshops/accelerated-leadership-experience/,13,61.54%,8,53.85%,1.15,00:00:14,0.00%,0,$0.00
daniels.du.edu/blog/du-releases-2021-first-destination-outcomes-report/,12,66.67%,8,0.00%,1.00,00:00:02,0.00%,0,$0.00
daniels.du.edu/blog/electronic-word-of-mouth-what-marketers-need-to-know/,12,83.33%,10,8.33%,1.17,00:04:59,0.00%,0,$0.00
daniels.du.edu/blog/from-psychology-major-to-project-manager/,12,91.67%,11,0.00%,1.25,00:01:20,0.00%,0,$0.00
daniels.du.edu/business-information-analytics/certificates/,12,41.67%,5,0.00%,2.67,00:06:13,16.67%,2,$0.00
daniels.du.edu/directory/ana-babic-rosario/,12,83.33%,10,58.33%,1.08,00:00:38,0.00%,0,$0.00
daniels.du.edu/directory/haragopal-parsa/,12,91.67%,11,0.00%,1.50,00:00:43,0.00%,0,$0.00
daniels.du.edu/executive-phd/curriculum/,12,75.00%,9,8.33%,2.08,00:06:00,16.67%,2,$0.00
daniels.du.edu/graduate-certificates/,12,58.33%,7,0.00%,2.58,00:05:56,0.00%,0,$0.00
daniels.du.edu/hospitality-management/degree-requirements/,12,66.67%,8,8.33%,1.75,00:02:21,8.33%,1,$0.00
daniels.du.edu/ocm/,12,16.67%,2,0.00%,7.50,00:15:17,0.00%,0,$0.00
daniels.du.edu/race-and-case/,12,58.33%,7,16.67%,1.92,00:02:38,0.00%,0,$0.00
daniels.du.edu/about/leadership/,11,54.55%,6,9.09%,3.91,00:01:48,0.00%,0,$0.00
,"6,189",66.21%,"4,098",22.51%,2.01,00:02:44,2.12%,131,$0.00

Day Index,Sessions
8/14/22,529
8/15/22,996
8/16/22,"1,023"
8/17/22,"1,040"
8/18/22,"1,024"
8/19/22,970
8/20/22,607
,"6,189"
